1;Topographic_Profile_ID;X;Y;Z;801
2;MOLA-AP11235L.B;-1337685.89;657984.71;-2357.57;800
3;MOLA-AP11235L.B;-1337646.76;658281.08;-2362.49;799
4;MOLA-AP11235L.B;-1337607.05;658583.38;-2363.19;798
5;MOLA-AP11235L.B;-1337567.34;658885.68;-2361.4;797
6;MOLA-AP11235L.B;-1337527.62;659187.98;-2360.14;796
7;MOLA-AP11235L.B;-1337487.91;659484.36;-2359.6;795
8;MOLA-AP11235L.B;-1337448.19;659786.66;-2358.16;794
9;MOLA-AP11235L.B;-1337408.48;660088.96;-2357.17;793
10;MOLA-AP11235L.B;-1337368.77;660391.26;-2357.1;792
11;MOLA-AP11235L.B;-1337329.05;660687.63;-2356.9;791
12;MOLA-AP11235L.B;-1337289.34;660989.93;-2355.64;790
13;MOLA-AP11235L.B;-1337250.22;661292.24;-2352.38;789
14;MOLA-AP11235L.B;-1337210.5;661588.61;-2352.19;788
15;MOLA-AP11235L.B;-1337170.79;661890.91;-2353.12;787
16;MOLA-AP11235L.B;-1337131.07;662193.21;-2354.35;786
17;MOLA-AP11235L.B;-1337091.36;662495.51;-2353.79;785
18;MOLA-AP11235L.B;-1337051.65;662791.89;-2355.54;784
19;MOLA-AP11235L.B;-1337013.71;663094.19;-2349.6;783
20;MOLA-AP11235L.B;-1336974.59;663396.49;-2349.87;782
21;MOLA-AP11235L.B;-1336934.88;663692.86;-2350.01;781
22;MOLA-AP11235L.B;-1336895.75;663995.16;-2351.4;780
23;MOLA-AP11235L.B;-1336856.63;664297.46;-2350.32;779
24;MOLA-AP11235L.B;-1336816.92;664599.76;-2348.7;778
25;MOLA-AP11235L.B;-1336777.8;664896.14;-2345.16;777
26;MOLA-AP11235L.B;-1336738.68;665198.44;-2344.96;776
27;MOLA-AP11235L.B;-1336698.96;665500.74;-2343.53;775
28;MOLA-AP11235L.B;-1336659.84;665797.11;-2348.16;774
29;MOLA-AP11235L.B;-1336620.72;666099.41;-2349.13;773
30;MOLA-AP11235L.B;-1336581.01;666401.71;-2341.51;772
31;MOLA-AP11235L.B;-1336541.88;666704.02;-2340.97;771
32;MOLA-AP11235L.B;-1336502.76;667000.39;-2342.54;770
33;MOLA-AP11235L.B;-1336463.05;667302.69;-2343.23;769
34;MOLA-AP11235L.B;-1336423.93;667604.99;-2342.52;768
35;MOLA-AP11235L.B;-1336384.81;667907.29;-2347.14;767
36;MOLA-AP11235L.B;-1336345.68;668203.67;-2723.55;766
37;MOLA-AP11235L.B;-1336306.56;668505.97;-2740.09;765
38;MOLA-AP11235L.B;-1336266.85;668808.27;-2531.06;764
39;MOLA-AP11235L.B;-1336227.73;669104.64;-2339.76;763
40;MOLA-AP11235L.B;-1336188.61;669406.94;-2338.78;762
41;MOLA-AP11235L.B;-1336148.89;669709.24;-2335.12;761
42;MOLA-AP11235L.B;-1336109.77;670011.54;-2334.22;760
43;MOLA-AP11235L.B;-1336070.06;670307.92;-2333.3;759
44;MOLA-AP11235L.B;-1336030.94;670610.22;-2332.41;758
45;MOLA-AP11235L.B;-1335991.22;670912.52;-2327.62;757
46;MOLA-AP11235L.B;-1335952.1;671208.89;-2325.12;756
47;MOLA-AP11235L.B;-1335912.39;671511.19;-2324.92;755
48;MOLA-AP11235L.B;-1335873.27;671813.49;-2326.29;754
49;MOLA-AP11235L.B;-1335833.55;672115.8;-2326.09;753
50;MOLA-AP11235L.B;-1335794.43;672412.17;-2324.32;752
51;MOLA-AP11235L.B;-1335754.72;672714.47;-2325.94;751
52;MOLA-AP11235L.B;-1335715.59;673016.77;-2326.55;750
53;MOLA-AP11235L.B;-1335675.88;673313.14;-2324.16;749
54;MOLA-AP11235L.B;-1335636.76;673615.45;-2323.96;748
55;MOLA-AP11235L.B;-1335597.05;673917.75;-2323.1;747
56;MOLA-AP11235L.B;-1335557.92;674220.05;-2324.31;746
57;MOLA-AP11235L.B;-1335518.21;674516.42;-2324.82;745
58;MOLA-AP11235L.B;-1335479.09;674818.72;-2325.07;744
59;MOLA-AP11235L.B;-1335437.6;675121.02;-2323.25;743
60;MOLA-AP11235L.B;-1335397.88;675417.4;-2319.45;742
61;MOLA-AP11235L.B;-1335358.17;675719.7;-2316.24;741
62;MOLA-AP11235L.B;-1335317.86;676022;-2314.81;740
63;MOLA-AP11235L.B;-1335278.15;676318.37;-2314.6;739
64;MOLA-AP11235L.B;-1335238.43;676620.67;-2314.84;738
65;MOLA-AP11235L.B;-1335198.72;676922.97;-2314.63;737
66;MOLA-AP11235L.B;-1335158.41;677219.35;-2313.61;736
67;MOLA-AP11235L.B;-1335118.7;677521.65;-2311.23;735
68;MOLA-AP11235L.B;-1335078.98;677823.95;-2311.03;734
69;MOLA-AP11235L.B;-1335039.27;678120.32;-2311.6;733
70;MOLA-AP11235L.B;-1334998.96;678422.62;-2310.17;732
71;MOLA-AP10734L.B;-1313468.78;643180.93;-2365.57;731
72;MOLA-AP10734L.B;-1313362.16;643450.62;-2365.8;730
73;MOLA-AP10734L.B;-1313253.51;643725.43;-2363.04;729
74;MOLA-AP10734L.B;-1313144.87;644000.25;-2365.17;728
75;MOLA-AP10734L.B;-1313036.22;644275.06;-2363.87;727
76;MOLA-AP10734L.B;-1312929.6;644544.75;-2361.65;726
77;MOLA-AP10734L.B;-1312820.95;644819.56;-2363.29;725
78;MOLA-AP10734L.B;-1312712.46;645093.97;-2357.09;724
79;MOLA-AP10734L.B;-1312603.74;645368.99;-2364.99;723
80;MOLA-AP10734L.B;-1312497.11;645638.67;-2361.54;722
81;MOLA-AP10734L.B;-1312388.39;645913.69;-2359.45;721
82;MOLA-AP10734L.B;-1312279.66;646188.71;-2358.24;720
83;MOLA-AP10734L.B;-1312171.01;646463.52;-2358.52;719
84;MOLA-AP10734L.B;-1312064.31;646733.41;-2358.4;718
85;MOLA-AP10734L.B;-1311955.66;647008.23;-2357.92;717
86;MOLA-AP10734L.B;-1311846.94;647283.24;-2357.31;716
87;MOLA-AP10734L.B;-1311740.24;647553.13;-2356.82;715
88;MOLA-AP10734L.B;-1311631.59;647827.95;-2356.81;714
89;MOLA-AP10734L.B;-1311522.86;648102.96;-2356.31;713
90;MOLA-AP10734L.B;-1311414.21;648377.78;-2355.68;712
91;MOLA-AP10734L.B;-1311307.51;648647.67;-2355.65;711
92;MOLA-AP10734L.B;-1311198.79;648922.68;-2355.19;710
93;MOLA-AP10734L.B;-1311090.14;649197.5;-2355.04;709
94;MOLA-AP10734L.B;-1310983.44;649467.39;-2354.6;708
95;MOLA-AP10734L.B;-1310874.79;649742.2;-2354.12;707
96;MOLA-AP10734L.B;-1310766.06;650017.22;-2352.07;706
97;MOLA-AP10734L.B;-1310657.33;650292.24;-2350.17;705
98;MOLA-AP10734L.B;-1310550.55;650562.33;-2349.21;704
99;MOLA-AP10734L.B;-1310441.83;650837.35;-2348.72;703
100;MOLA-AP10734L.B;-1310333.1;651112.36;-2347.19;702
101;MOLA-AP10734L.B;-1310226.4;651382.25;-2347.29;701
102;MOLA-AP10734L.B;-1310117.67;651657.27;-2347.66;700
103;MOLA-AP10734L.B;-1310008.94;651932.29;-2349.39;699
104;MOLA-AP10734L.B;-1309902.24;652202.18;-2349.7;698
105;MOLA-AP10734L.B;-1309793.51;652477.19;-2347.98;697
106;MOLA-AP10734L.B;-1309684.87;652752.01;-2493.31;696
107;MOLA-AP10734L.B;-1309576.14;653027.02;-2638.69;695
108;MOLA-AP10734L.B;-1309469.36;653297.12;-2348.44;694
109;MOLA-AP10734L.B;-1309360.63;653572.13;-2346.32;693
110;MOLA-AP10734L.B;-1309251.9;653847.15;-2345.11;692
111;MOLA-AP10734L.B;-1309145.2;654117.04;-2343.92;691
112;MOLA-AP10734L.B;-1309036.56;654391.85;-2343.77;690
113;MOLA-AP10734L.B;-1308927.83;654666.87;-2344.46;689
114;MOLA-AP10734L.B;-1308821.13;654936.76;-2344.99;688
115;MOLA-AP10734L.B;-1308712.4;655211.78;-2345.37;687
116;MOLA-AP10734L.B;-1308603.67;655486.79;-2346.64;686
117;MOLA-AP10734L.B;-1308388;656032.31;-2347.49;685
118;MOLA-AP10734L.B;-1308279.36;656307.12;-2347.1;684
119;MOLA-AP10734L.B;-1308170.71;656581.94;-2346.15;683
120;MOLA-AP10734L.B;-1308064.09;656851.62;-2346.77;682
121;MOLA-AP10734L.B;-1307955.44;657126.44;-2347;681
122;MOLA-AP10734L.B;-1307846.71;657401.45;-2345.8;680
123;MOLA-AP10734L.B;-1307740.09;657671.14;-2345.65;679
124;MOLA-AP10734L.B;-1307631.45;657945.96;-2346.26;678
125;MOLA-AP10734L.B;-1307522.8;658220.77;-2348.42;677
126;MOLA-AP10734L.B;-1307414.15;658495.58;-2348.65;676
127;MOLA-AP10734L.B;-1307307.53;658765.27;-2343.99;675
128;MOLA-AP10734L.B;-1307198.88;659040.08;-2343.58;674
129;MOLA-AP10734L.B;-1307090.24;659314.9;-2340.51;673
130;MOLA-AP10734L.B;-1306983.61;659584.59;-2340.98;672
131;MOLA-AP10734L.B;-1306874.97;659859.4;-2341.65;671
132;MOLA-AP10734L.B;-1306766.32;660134.21;-2340.51;670
133;MOLA-AP10734L.B;-1306657.67;660409.03;-2339.12;669
134;MOLA-AP10734L.B;-1306551.05;660678.72;-2336.89;668
135;MOLA-AP10734L.B;-1306442.4;660953.53;-2333.73;667
136;MOLA-AP10734L.B;-1306333.68;661228.55;-2333.13;666
137;MOLA-AP10734L.B;-1306227.38;661497.42;-2332.28;665
138;MOLA-AP10734L.B;-1306118.81;661772.03;-2333;664
139;MOLA-AP10734L.B;-1306010.16;662046.85;-2332.04;663
140;MOLA-AP10734L.B;-1305901.59;662321.46;-2334.19;662
141;MOLA-AP17869L.B;-1271641.12;626823.81;-2339.78;661
142;MOLA-AP17869L.B;-1271543.8;627118.49;-2339.39;660
143;MOLA-AP17869L.B;-1271448.3;627407.65;-2338.74;659
144;MOLA-AP17869L.B;-1271352.8;627696.82;-2339.7;658
145;MOLA-AP17869L.B;-1271255.53;627991.32;-2340.32;657
146;MOLA-AP17869L.B;-1271161.14;628277.13;-2341.65;656
147;MOLA-AP17869L.B;-1271064.05;628571.11;-2342.11;655
148;MOLA-AP17869L.B;-1270968.72;628859.74;-2343.17;654
149;MOLA-AP17869L.B;-1270871.63;629153.72;-2344.26;653
150;MOLA-AP17869L.B;-1270776.31;629442.35;-2343.19;652
151;MOLA-AP17869L.B;-1270679.22;629736.33;-2344.25;651
152;MOLA-AP17869L.B;-1270583.89;630024.96;-2344.16;650
153;MOLA-AP17869L.B;-1270486.8;630318.94;-2343.77;649
154;MOLA-AP17869L.B;-1270391.48;630607.57;-2344.44;648
155;MOLA-AP17869L.B;-1270294.39;630901.55;-2345.97;647
156;MOLA-AP17869L.B;-1270103.73;631478.82;-2345.6;646
157;MOLA-AP17869L.B;-1270006.64;631772.79;-2345.32;645
158;MOLA-AP17869L.B;-1269911.32;632061.43;-2345.58;644
159;MOLA-AP17869L.B;-1269814.23;632355.4;-2346.66;643
160;MOLA-AP17869L.B;-1269718.9;632644.04;-2344.85;642
161;MOLA-AP17869L.B;-1269621.81;632938.01;-2343.17;641
162;MOLA-AP17869L.B;-1269526.49;633226.65;-2340.59;640
163;MOLA-AP17869L.B;-1269429.4;633520.62;-2340.81;639
164;MOLA-AP17869L.B;-1269334.01;633809.43;-2339.2;638
165;MOLA-AP17869L.B;-1269234.65;634110.29;-2339.51;637
166;MOLA-AP17869L.B;-1269140.02;634396.81;-2340.5;636
167;MOLA-AP17869L.B;-1269043.63;634688.67;-2340.61;635
168;MOLA-AP17869L.B;-1268949.01;634975.18;-2341.05;634
169;MOLA-AP17869L.B;-1268854.38;635261.7;-2341.66;633
170;MOLA-AP17869L.B;-1268758.05;635553.38;-2513.76;632
171;MOLA-AP17869L.B;-1268663.48;635839.72;-2773.47;631
172;MOLA-AP17869L.B;-1268568.92;636126.06;-2846.59;630
173;MOLA-AP17869L.B;-1268472.47;636418.09;-2683.59;629
174;MOLA-AP17869L.B;-1268377.78;636704.78;-2335.4;628
175;MOLA-AP17869L.B;-1268283.16;636991.3;-2335.43;627
176;MOLA-AP17869L.B;-1268188.53;637277.81;-2335.56;626
177;MOLA-AP17869L.B;-1268092.14;637569.67;-2336.1;625
178;MOLA-AP17869L.B;-1267997.51;637856.19;-2336.19;624
179;MOLA-AP17869L.B;-1267902.95;638142.53;-2336.68;623
180;MOLA-AP17869L.B;-1267806.56;638434.38;-2334.86;622
181;MOLA-AP17869L.B;-1267711.93;638720.9;-2335.26;621
182;MOLA-AP17869L.B;-1267617.3;639007.41;-2335.67;620
183;MOLA-AP17869L.B;-1267520.91;639299.27;-2335.45;619
184;MOLA-AP17869L.B;-1267426.29;639585.79;-2334.52;618
185;MOLA-AP17869L.B;-1267334.99;639862.24;-2335.09;617
186;MOLA-AP17869L.B;-1267240.94;640146.99;-2334.97;616
187;MOLA-AP17869L.B;-1267146.9;640431.74;-2334.8;615
188;MOLA-AP17869L.B;-1267052.8;640716.67;-2334.74;614
189;MOLA-AP17869L.B;-1266958.76;641001.42;-2334.87;613
190;MOLA-AP17869L.B;-1266768.91;641576.26;-2334.06;612
191;MOLA-AP17869L.B;-1266674.86;641861.01;-2334.47;611
192;MOLA-AP17869L.B;-1266580.82;642145.76;-2333.96;610
193;MOLA-AP17869L.B;-1266392.73;642715.26;-2335.13;609
194;MOLA-AP17869L.B;-1266296.93;643005.35;-2333.76;608
195;MOLA-AP17869L.B;-1266202.83;643290.28;-2335.67;607
196;MOLA-AP17869L.B;-1266108.78;643575.03;-2334.63;606
197;MOLA-AP17869L.B;-1266014.74;643859.78;-2334.95;605
198;MOLA-AP17869L.B;-1265920.7;644144.53;-2333.93;604
199;MOLA-AP17869L.B;-1265826.65;644429.28;-2334.22;603
200;MOLA-AP17869L.B;-1265730.85;644719.37;-2333.41;602
201;MOLA-AP17869L.B;-1265636.8;645004.12;-2332.04;601
202;MOLA-AP17869L.B;-1265542.76;645288.87;-2332.37;600
203;MOLA-AP17869L.B;-1265448.14;645575.39;-2332.43;599
204;MOLA-AP14283L.B;-1201588.22;595439.07;-2376.47;598
205;MOLA-AP14283L.B;-1201483.77;595717.05;-2382.05;597
206;MOLA-AP14283L.B;-1201381.28;595989.83;-2385.32;596
207;MOLA-AP14283L.B;-1201276.83;596267.81;-2391.22;595
208;MOLA-AP14283L.B;-1201172.39;596545.79;-2402.24;594
209;MOLA-AP14283L.B;-1201067.94;596823.77;-2411.61;593
210;MOLA-AP14283L.B;-1200965.45;597096.56;-2413.65;592
211;MOLA-AP14283L.B;-1200861;597374.54;-2416.57;591
212;MOLA-AP14283L.B;-1200756.48;597652.71;-2416.48;590
213;MOLA-AP14283L.B;-1200653.99;597925.5;-2412.97;589
214;MOLA-AP14283L.B;-1200549.55;598203.48;-2414.13;588
215;MOLA-AP14283L.B;-1200445.1;598481.46;-2416.47;587
216;MOLA-AP14283L.B;-1200340.66;598759.44;-2419.73;586
217;MOLA-AP14283L.B;-1200238.16;599032.22;-2419.78;585
218;MOLA-AP14283L.B;-1200133.72;599310.2;-2415.1;584
219;MOLA-AP14283L.B;-1200029.27;599588.18;-2416.49;583
220;MOLA-AP14283L.B;-1199926.78;599860.97;-2434.49;582
221;MOLA-AP14283L.B;-1199717.89;600416.93;-2445.34;581
222;MOLA-AP14283L.B;-1199615.39;600689.71;-2447.43;580
223;MOLA-AP14283L.B;-1199510.95;600967.69;-2445.86;579
224;MOLA-AP14283L.B;-1199406.5;601245.67;-2448.11;578
225;MOLA-AP14283L.B;-1199302.06;601523.65;-2447.22;577
226;MOLA-AP14283L.B;-1199199.57;601796.44;-2451.16;576
227;MOLA-AP14283L.B;-1199095.12;602074.42;-2449.66;575
228;MOLA-AP14283L.B;-1198990.68;602352.4;-2447.68;574
229;MOLA-AP14283L.B;-1198888.18;602625.18;-2449.76;573
230;MOLA-AP14283L.B;-1198783.74;602903.16;-2452.32;572
231;MOLA-AP14283L.B;-1198679.22;603181.34;-2449.22;571
232;MOLA-AP14283L.B;-1198574.77;603459.32;-2446.08;570
233;MOLA-AP14283L.B;-1198472.28;603732.1;-2774.03;569
234;MOLA-AP14283L.B;-1198367.76;604010.28;-3004.71;568
235;MOLA-AP14283L.B;-1198160.9;604560.85;-3089.58;567
236;MOLA-AP14283L.B;-1198056.6;604838.43;-2890.53;566
237;MOLA-AP14283L.B;-1197952.3;605116.02;-2440.15;565
238;MOLA-AP14283L.B;-1197847.85;605394;-2600.47;564
239;MOLA-AP14283L.B;-1197743.48;605671.79;-2452.37;563
240;MOLA-AP14283L.B;-1197641.06;605944.38;-2454.47;562
241;MOLA-AP14283L.B;-1197536.69;606222.16;-2455.86;561
242;MOLA-AP14283L.B;-1197432.25;606500.14;-2456.56;560
243;MOLA-AP14283L.B;-1197327.87;606777.93;-2454.93;559
244;MOLA-AP14283L.B;-1197225.38;607050.71;-2452.97;558
245;MOLA-AP14283L.B;-1197121.01;607328.5;-2451.27;557
246;MOLA-AP14283L.B;-1197016.64;607606.28;-2446.69;556
247;MOLA-AP14283L.B;-1196912.19;607884.26;-2444.35;555
248;MOLA-AP14283L.B;-1196809.77;608156.85;-2437.89;554
249;MOLA-AP14283L.B;-1196705.4;608434.64;-2415.16;553
250;MOLA-AP14283L.B;-1196600.96;608712.61;-2389.51;552
251;MOLA-AP14283L.B;-1196496.58;608990.4;-2347.91;551
252;MOLA-AP14283L.B;-1196392.21;609268.18;-2306.18;550
253;MOLA-AP14283L.B;-1196289.79;609540.77;-2263.58;549
254;MOLA-AP14283L.B;-1196185.42;609818.56;-2211.71;548
255;MOLA-AP14283L.B;-1196081.05;610096.34;-2144.55;547
256;MOLA-AP14283L.B;-1195976.6;610374.32;-2139.28;546
257;MOLA-AP14283L.B;-1195874.18;610646.91;-2203.62;545
258;MOLA-AP14283L.B;-1195769.74;610924.89;-2278.39;544
259;MOLA-AP14283L.B;-1195665.37;611202.68;-2315.25;543
260;MOLA-AP14283L.B;-1195560.92;611480.66;-2330.5;542
261;MOLA-AP14283L.B;-1195458.5;611753.25;-2334.85;541
262;MOLA-AP14283L.B;-1195354.06;612031.23;-2345.54;540
263;MOLA-AP14283L.B;-1195249.68;612309.01;-2348.91;539
264;MOLA-AP14283L.B;-1195145.31;612586.8;-2351.83;538
265;MOLA-AP14283L.B;-1195042.82;612859.58;-2354.7;537
266;MOLA-AP14283L.B;-1194938.45;613137.37;-2352.92;536
267;MOLA-AP14283L.B;-1194834.08;613415.15;-2353.77;535
268;MOLA-AP14283L.B;-1194729.63;613693.13;-2351.97;534
269;MOLA-AP14283L.B;-1194627.21;613965.72;-2339.95;533
270;MOLA-AP14283L.B;-1194522.84;614243.5;-2329.66;532
271;MOLA-AP20278L.B;-1125351.06;561100.91;-1832.93;531
272;MOLA-AP20278L.B;-1125266.18;561389.4;-1865.61;530
273;MOLA-AP20278L.B;-1125182.87;561672.59;-1906.98;529
274;MOLA-AP20278L.B;-1125097.94;561961.24;-2040.43;528
275;MOLA-AP20278L.B;-1125013.02;562249.9;-2166.18;527
276;MOLA-AP20278L.B;-1124928.1;562538.55;-2250.69;526
277;MOLA-AP20278L.B;-1124844.78;562821.74;-2320.23;525
278;MOLA-AP20278L.B;-1124759.85;563110.39;-2370.52;524
279;MOLA-AP20278L.B;-1124674.93;563399.05;-2402.86;523
280;MOLA-AP20278L.B;-1124590.06;563687.54;-2418.05;522
281;MOLA-AP20278L.B;-1124422.05;564258.58;-2481.34;521
282;MOLA-AP20278L.B;-1124337.03;564547.55;-2538.52;520
283;MOLA-AP20278L.B;-1124252.01;564836.53;-2634.04;519
284;MOLA-AP20278L.B;-1124168.6;565120.04;-2705.5;518
285;MOLA-AP20278L.B;-1124083.58;565409.02;-2735.05;517
286;MOLA-AP20278L.B;-1123998.57;565697.99;-2735.44;516
287;MOLA-AP20278L.B;-1123915.2;565981.34;-2733.95;515
288;MOLA-AP20278L.B;-1123830.18;566270.32;-2734.31;514
289;MOLA-AP20278L.B;-1123745.16;566559.29;-2735.89;513
290;MOLA-AP20278L.B;-1123661.75;566842.81;-2736.25;512
291;MOLA-AP20278L.B;-1123576.73;567131.78;-2735.85;511
292;MOLA-AP20278L.B;-1123491.72;567420.75;-2735.92;510
293;MOLA-AP20278L.B;-1123408.3;567704.27;-2736.27;509
294;MOLA-AP20278L.B;-1123323.29;567993.24;-2735.55;508
295;MOLA-AP20278L.B;-1123238.32;568282.05;-2735.58;507
296;MOLA-AP20278L.B;-1123154.9;568565.57;-2734.82;506
297;MOLA-AP20278L.B;-1123069.88;568854.54;-2734.08;505
298;MOLA-AP20278L.B;-1122986.47;569138.06;-2732.81;504
299;MOLA-AP20278L.B;-1122901.45;569427.03;-2732.25;503
300;MOLA-AP20278L.B;-1122816.44;569716;-2728.4;502
301;MOLA-AP20278L.B;-1122733.02;569999.52;-2725.65;501
302;MOLA-AP20278L.B;-1122647.96;570288.65;-2881.13;500
303;MOLA-AP20278L.B;-1122562.94;570577.62;-3080.71;499
304;MOLA-AP20278L.B;-1122479.53;570861.14;-3237.97;498
305;MOLA-AP20278L.B;-1122394.46;571150.27;-3361.79;497
306;MOLA-AP20278L.B;-1122309.49;571439.09;-3307.15;496
307;MOLA-AP20278L.B;-1122226.08;571722.6;-3051.38;495
308;MOLA-AP20278L.B;-1122141.11;572011.41;-2705.15;494
309;MOLA-AP20278L.B;-1122056.09;572300.39;-2714.27;493
310;MOLA-AP20278L.B;-1121972.68;572583.9;-2719.01;492
311;MOLA-AP20278L.B;-1121887.66;572872.88;-2723.24;491
312;MOLA-AP20278L.B;-1121804.25;573156.39;-2726.51;490
313;MOLA-AP20278L.B;-1121719.23;573445.37;-2729.21;489
314;MOLA-AP20278L.B;-1121634.21;573734.34;-2731.39;488
315;MOLA-AP20278L.B;-1121550.8;574017.85;-2731.31;487
316;MOLA-AP20278L.B;-1121465.78;574306.83;-2732.38;486
317;MOLA-AP20278L.B;-1121380.76;574595.8;-2732.63;485
318;MOLA-AP20278L.B;-1121297.35;574879.32;-2733.02;484
319;MOLA-AP20278L.B;-1121212.33;575168.29;-2733.08;483
320;MOLA-AP20278L.B;-1121127.32;575457.26;-2732.95;482
321;MOLA-AP20278L.B;-1121043.95;575740.62;-2733;481
322;MOLA-AP20278L.B;-1120958.93;576029.59;-2732.52;480
323;MOLA-AP20278L.B;-1120875.47;576313.27;-2732.29;479
324;MOLA-AP20278L.B;-1120790.46;576602.24;-2732.3;478
325;MOLA-AP20278L.B;-1120705.44;576891.21;-2731.88;477
326;MOLA-AP20278L.B;-1120621.98;577174.89;-2731.55;476
327;MOLA-AP20278L.B;-1120536.96;577463.86;-2732.24;475
328;MOLA-AP20278L.B;-1120368.48;578036.51;-2732.14;474
329;MOLA-AP20278L.B;-1120283.46;578325.48;-2731.84;473
330;MOLA-AP20278L.B;-1120200;578609.16;-2731.79;472
331;MOLA-AP20278L.B;-1120114.99;578898.13;-2728.24;471
332;MOLA-AP20278L.B;-1120031.57;579181.65;-2693.57;470
333;MOLA-AP19985L.B;-1037823.62;529553.71;-2748.03;469
334;MOLA-AP19985L.B;-1037722.79;529834.03;-2747.91;468
335;MOLA-AP19985L.B;-1037623.91;530108.91;-2747.81;467
336;MOLA-AP19985L.B;-1037523.14;530389.03;-2747.82;466
337;MOLA-AP19985L.B;-1037422.38;530669.16;-2748.09;465
338;MOLA-AP19985L.B;-1037323.43;530944.23;-2745.8;464
339;MOLA-AP19985L.B;-1037222.67;531224.36;-2747.45;463
340;MOLA-AP19985L.B;-1037121.9;531504.48;-2748.16;462
341;MOLA-AP19985L.B;-1037021.07;531784.8;-2748.42;461
342;MOLA-AP19985L.B;-1036922.19;532059.68;-2748.33;460
343;MOLA-AP19985L.B;-1036821.43;532339.8;-2748.41;459
344;MOLA-AP19985L.B;-1036720.6;532620.12;-2748.3;458
345;MOLA-AP19985L.B;-1036621.72;532895;-2748.96;457
346;MOLA-AP19985L.B;-1036520.95;533175.12;-2748.83;456
347;MOLA-AP19985L.B;-1036420.12;533455.44;-2748.68;455
348;MOLA-AP19985L.B;-1036321.24;533730.32;-2748.62;454
349;MOLA-AP19985L.B;-1036220.48;534010.45;-2748.9;453
350;MOLA-AP19985L.B;-1036119.65;534290.76;-2748.84;452
351;MOLA-AP19985L.B;-1036020.84;534565.45;-2748.59;451
352;MOLA-AP19985L.B;-1035920.07;534845.58;-2748.27;450
353;MOLA-AP19985L.B;-1035819.31;535125.71;-2749.18;449
354;MOLA-AP19985L.B;-1035720.43;535400.58;-2749.02;448
355;MOLA-AP19985L.B;-1035619.66;535680.71;-2750.24;447
356;MOLA-AP19985L.B;-1035518.83;535961.03;-2749.61;446
357;MOLA-AP19985L.B;-1035419.95;536235.9;-2750.38;445
358;MOLA-AP19985L.B;-1035319.19;536516.03;-2750.23;444
359;MOLA-AP19985L.B;-1035218.42;536796.16;-2749.83;443
360;MOLA-AP19985L.B;-1035119.55;537071.04;-2749.96;442
361;MOLA-AP19985L.B;-1035018.78;537351.16;-2749.96;441
362;MOLA-AP19985L.B;-1034917.95;537631.48;-2749.73;440
363;MOLA-AP19985L.B;-1034819.07;537906.36;-2750.76;439
364;MOLA-AP19985L.B;-1034718.31;538186.49;-2750.75;438
365;MOLA-AP19985L.B;-1034617.47;538466.8;-3051.22;437
366;MOLA-AP19985L.B;-1034518.6;538741.68;-3146.37;436
367;MOLA-AP19985L.B;-1034417.83;539021.81;-3065.22;435
368;MOLA-AP19985L.B;-1034317.07;539301.93;-2752.66;434
369;MOLA-AP19985L.B;-1034218.19;539576.81;-2752.79;433
370;MOLA-AP19985L.B;-1034117.42;539856.94;-2752.04;432
371;MOLA-AP19985L.B;-1034018.75;540131.25;-2752.39;431
372;MOLA-AP19985L.B;-1033917.85;540411.76;-2752.23;430
373;MOLA-AP19985L.B;-1033817.02;540692.07;-2752.18;429
374;MOLA-AP19985L.B;-1033716.18;540972.39;-2751.54;428
375;MOLA-AP19985L.B;-1033617.24;541247.45;-2750.74;427
376;MOLA-AP19985L.B;-1033516.4;541527.77;-2750.67;426
377;MOLA-AP19985L.B;-1033415.57;541808.09;-2750.54;425
378;MOLA-AP19985L.B;-1033314.74;542088.4;-2773.03;424
379;MOLA-AP19985L.B;-1033215.79;542363.47;-2754.17;423
380;MOLA-AP19985L.B;-1033114.96;542643.78;-2749.86;422
381;MOLA-AP19985L.B;-1033014.06;542924.29;-2749.67;421
382;MOLA-AP19985L.B;-1032913.23;543204.61;-2749.31;420
383;MOLA-AP19985L.B;-1032814.28;543479.67;-2748.12;419
384;MOLA-AP19985L.B;-1032713.45;543759.99;-2748.65;418
385;MOLA-AP19985L.B;-1032612.62;544040.3;-2750.49;417
386;MOLA-AP19985L.B;-1032511.78;544320.62;-2749.61;416
387;MOLA-AP19985L.B;-1032412.84;544595.69;-2749.53;415
388;MOLA-AP19985L.B;-1032312;544876;-2749.75;414
389;MOLA-AP19985L.B;-1032211.17;545156.32;-2748.58;413
390;MOLA-AP19985L.B;-1032110.34;545436.63;-2748.73;412
391;MOLA-AP19985L.B;-1032009.37;545717.33;-2748.26;411
392;MOLA-AP19985L.B;-1031910.36;545992.58;-2748.62;410
393;MOLA-AP19985L.B;-1031809.52;546272.9;-2746.74;409
394;MOLA-AP19985L.B;-1031708.62;546553.4;-2746.98;408
395;MOLA-AP19985L.B;-1031607.79;546833.72;-2746.52;407
396;MOLA-AP19985L.B;-1031506.89;547114.22;-2749.28;406
397;MOLA-AP19985L.B;-1031407.94;547389.29;-2750.02;405
398;MOLA-AP19985L.B;-1031307.11;547669.61;-2749.17;404
399;MOLA-AP19985L.B;-1031206.21;547950.11;-2749.69;403
400;MOLA-AP19985L.B;-1031105.38;548230.43;-2749.7;402
401;MOLA-AP19985L.B;-1031006.36;548505.68;-2749.24;401
402;MOLA-AP11015L.B;-984333.71;514014.53;-2758.68;400
403;MOLA-AP11015L.B;-984248.69;514303.5;-2757.41;399
404;MOLA-AP11015L.B;-984163.72;514592.31;-2754.7;398
405;MOLA-AP11015L.B;-984078.75;514881.12;-2758.84;397
406;MOLA-AP11015L.B;-983995.34;515164.64;-2759.17;396
407;MOLA-AP11015L.B;-983910.37;515453.45;-2756.01;395
408;MOLA-AP11015L.B;-983825.36;515742.43;-2755.19;394
409;MOLA-AP11015L.B;-983740.39;516031.24;-2758.63;393
410;MOLA-AP11015L.B;-983657.02;516314.59;-2755.49;392
411;MOLA-AP11015L.B;-983572;516603.57;-2752.09;391
412;MOLA-AP11015L.B;-983487.03;516892.38;-2753.82;390
413;MOLA-AP11015L.B;-983402.06;517181.19;-2752.87;389
414;MOLA-AP11015L.B;-983318.65;517464.71;-2783.95;388
415;MOLA-AP11015L.B;-983233.68;517753.52;-2764.28;387
416;MOLA-AP11015L.B;-983148.66;518042.49;-2761.93;386
417;MOLA-AP11015L.B;-983063.69;518331.3;-2761.78;385
418;MOLA-AP11015L.B;-982980.33;518614.66;-2761.64;384
419;MOLA-AP11015L.B;-982895.31;518903.63;-2762.09;383
420;MOLA-AP11015L.B;-982810.34;519192.45;-2761;382
421;MOLA-AP11015L.B;-982725.32;519481.42;-2761.2;381
422;MOLA-AP11015L.B;-982641.96;519764.78;-2750.12;380
423;MOLA-AP11015L.B;-982556.99;520053.59;-2755.88;379
424;MOLA-AP11015L.B;-982471.97;520342.56;-2760.35;378
425;MOLA-AP11015L.B;-982388.61;520625.92;-2755.33;377
426;MOLA-AP11015L.B;-982303.64;520914.73;-2757.83;376
427;MOLA-AP11015L.B;-982218.62;521203.7;-2760.24;375
428;MOLA-AP11015L.B;-982133.65;521492.51;-2764.22;374
429;MOLA-AP11015L.B;-982050.24;521776.03;-2760.73;373
430;MOLA-AP11015L.B;-981965.27;522064.84;-2763.58;372
431;MOLA-AP11015L.B;-981880.3;522353.65;-2759.65;371
432;MOLA-AP11015L.B;-981795.28;522642.63;-2753.88;370
433;MOLA-AP11015L.B;-981711.92;522925.98;-2764.57;369
434;MOLA-AP11015L.B;-981626.95;523214.8;-2870.51;368
435;MOLA-AP11015L.B;-981541.93;523503.77;-2981.97;367
436;MOLA-AP11015L.B;-981456.96;523792.58;-2765.72;366
437;MOLA-AP11015L.B;-981373.55;524076.1;-2762.13;365
438;MOLA-AP11015L.B;-981288.58;524364.91;-2763.36;364
439;MOLA-AP11015L.B;-981203.56;524653.88;-2763.22;363
440;MOLA-AP11015L.B;-981035.22;525226.05;-2759.3;362
441;MOLA-AP11015L.B;-980950.25;525514.86;-2759.48;361
442;MOLA-AP11015L.B;-980865.28;525803.68;-2761.53;360
443;MOLA-AP11015L.B;-980780.27;526092.65;-2762.53;359
444;MOLA-AP11015L.B;-980696.9;526376;-2762.03;358
445;MOLA-AP11015L.B;-980611.93;526664.82;-2763.11;357
446;MOLA-AP11015L.B;-980526.96;526953.63;-2766.31;356
447;MOLA-AP11015L.B;-980441.99;527242.44;-2760.54;355
448;MOLA-AP11015L.B;-980358.63;527525.8;-2760.73;354
449;MOLA-AP11015L.B;-980273.66;527814.61;-2763.23;353
450;MOLA-AP11015L.B;-980188.64;528103.58;-2759.73;352
451;MOLA-AP11015L.B;-980103.67;528392.39;-2760.52;351
452;MOLA-AP11015L.B;-980018.7;528681.21;-2758.55;350
453;MOLA-AP11015L.B;-979935.34;528964.56;-2760.22;349
454;MOLA-AP11015L.B;-979850.37;529253.38;-2760.42;348
455;MOLA-AP11015L.B;-979765.4;529542.19;-2760.73;347
456;MOLA-AP11015L.B;-979680.38;529831.16;-2760.58;346
457;MOLA-AP11015L.B;-979597.01;530114.52;-2760.78;345
458;MOLA-AP11015L.B;-979512.04;530403.33;-2760.27;344
459;MOLA-AP11015L.B;-979427.07;530692.14;-2760.84;343
460;MOLA-AP11015L.B;-979342.1;530980.95;-2760.33;342
461;MOLA-AP11015L.B;-979257.13;531269.76;-2760.17;341
462;MOLA-AP11015L.B;-979173.72;531553.28;-2760.37;340
463;MOLA-AP11015L.B;-979088.75;531842.09;-2760.21;339
464;MOLA-AP11015L.B;-979003.78;532130.91;-2760.87;338
465;MOLA-AP11015L.B;-978918.81;532419.72;-2760.71;337
466;MOLA-AP11015L.B;-978835.45;532703.08;-2760.11;336
467;MOLA-AP11015L.B;-978750.48;532991.89;-2760.68;335
468;MOLA-AP20242L.B;-1336268.31;589574.72;-2513.83;334
469;MOLA-AP20242L.B;-1336180;589855.83;-2510.02;333
470;MOLA-AP20242L.B;-1336090.05;590142.16;-2509.05;332
471;MOLA-AP20242L.B;-1336000.04;590428.66;-2508.43;331
472;MOLA-AP20242L.B;-1335911.73;590709.77;-2508.01;330
473;MOLA-AP20242L.B;-1335821.72;590996.27;-2507.71;329
474;MOLA-AP20242L.B;-1335731.77;591282.6;-2507.38;328
475;MOLA-AP20242L.B;-1335643.46;591563.71;-2506.5;327
476;MOLA-AP20242L.B;-1335553.45;591850.21;-2505.93;326
477;MOLA-AP20242L.B;-1335465.14;592131.31;-2507.73;325
478;MOLA-AP20242L.B;-1335375.18;592417.64;-2507.49;324
479;MOLA-AP20242L.B;-1335285.18;592704.15;-2506.37;323
480;MOLA-AP20242L.B;-1335196.86;592985.25;-2506.41;322
481;MOLA-AP20242L.B;-1335106.86;593271.75;-2507.82;321
482;MOLA-AP20242L.B;-1335016.96;593557.91;-2507.96;320
483;MOLA-AP20242L.B;-1334927;593844.25;-2506.42;319
484;MOLA-AP20242L.B;-1334838.69;594125.35;-2504.19;318
485;MOLA-AP20242L.B;-1334748.68;594411.85;-2504.7;317
486;MOLA-AP20242L.B;-1334658.73;594698.18;-2502.27;316
487;MOLA-AP20242L.B;-1334570.42;594979.29;-2502.06;315
488;MOLA-AP20242L.B;-1334480.47;595265.62;-2501.02;314
489;MOLA-AP20242L.B;-1334390.46;595552.12;-2498.43;313
490;MOLA-AP20242L.B;-1334300.5;595838.45;-2497.33;312
491;MOLA-AP20242L.B;-1334212.19;596119.56;-2496.51;311
492;MOLA-AP20242L.B;-1334122.24;596405.89;-2495.5;310
493;MOLA-AP20242L.B;-1334032.23;596692.39;-2493.13;309
494;MOLA-AP20242L.B;-1333943.97;596973.33;-2501.5;308
495;MOLA-AP20242L.B;-1333764.01;597546.16;-2509.85;307
496;MOLA-AP20242L.B;-1333675.7;597827.27;-2512.29;306
497;MOLA-AP20242L.B;-1333585.75;598113.6;-2507.9;305
498;MOLA-AP20242L.B;-1333495.74;598400.1;-2507.5;304
499;MOLA-AP20242L.B;-1333407.43;598681.21;-2779.02;303
500;MOLA-AP20242L.B;-1333317.42;598967.71;-3049.37;302
501;MOLA-AP20242L.B;-1333227.47;599254.04;-3060.86;301
502;MOLA-AP20242L.B;-1333137.51;599540.37;-2776.07;300
503;MOLA-AP20242L.B;-1333049.25;599821.31;-2529.01;299
504;MOLA-AP20242L.B;-1332959.25;600107.81;-2519.12;298
505;MOLA-AP20242L.B;-1332869.24;600394.31;-2511.09;297
506;MOLA-AP20242L.B;-1332780.98;600675.24;-2507.86;296
507;MOLA-AP20242L.B;-1332690.98;600961.75;-2505.7;295
508;MOLA-AP20242L.B;-1332600.97;601248.25;-2503.54;294
509;MOLA-AP20242L.B;-1332512.71;601529.18;-2502.51;293
510;MOLA-AP20242L.B;-1332422.7;601815.68;-2502.04;292
511;MOLA-AP20242L.B;-1332334.39;602096.79;-2491.53;291
512;MOLA-AP20242L.B;-1332244.38;602383.29;-2480.15;290
513;MOLA-AP20242L.B;-1332154.43;602669.62;-2475.49;289
514;MOLA-AP20242L.B;-1332066.12;602950.73;-2471.65;288
515;MOLA-AP20242L.B;-1331976.11;603237.23;-2464.62;287
516;MOLA-AP20242L.B;-1331886.1;603523.73;-2456.98;286
517;MOLA-AP20242L.B;-1331797.84;603804.67;-2451.47;285
518;MOLA-AP20242L.B;-1331707.84;604091.17;-2447.77;284
519;MOLA-AP20242L.B;-1331619.53;604372.27;-2445.03;283
520;MOLA-AP20242L.B;-1331441.15;604940.05;-2437.66;282
521;MOLA-AP20242L.B;-1331351.15;605226.55;-2436.96;281
522;MOLA-AP20242L.B;-1331262.83;605507.66;-2435.66;280
523;MOLA-AP20242L.B;-1331172.83;605794.16;-2433.9;279
524;MOLA-AP20242L.B;-1331084.52;606075.26;-2430.88;278
525;MOLA-AP20242L.B;-1330994.51;606361.77;-2428.77;277
526;MOLA-AP20242L.B;-1330906.2;606642.87;-2426.93;276
527;MOLA-AP20242L.B;-1330816.19;606929.37;-2424.19;275
528;MOLA-AP20242L.B;-1330727.88;607210.48;-2420.4;274
529;MOLA-AP20242L.B;-1330637.87;607496.98;-2418.78;273
530;MOLA-AP20242L.B;-1330549.56;607778.09;-2419.71;272
531;MOLA-AP20242L.B;-1330459.55;608064.59;-2420.38;271
532;MOLA-AP20242L.B;-1330369.54;608351.09;-2420.39;270
533;MOLA-AP20242L.B;-1330281.23;608632.19;-2419.97;269
534;MOLA-AP16841L.B;-1243667.96;562167.02;-2075.17;268
535;MOLA-AP16841L.B;-1243575.01;562445.43;-2081.74;267
536;MOLA-AP16841L.B;-1243480.23;562729.34;-2068.06;266
537;MOLA-AP16841L.B;-1243385.51;563013.08;-2036.05;265
538;MOLA-AP16841L.B;-1243290.79;563296.82;-1974.8;264
539;MOLA-AP16841L.B;-1243197.79;563575.41;-1860.7;263
540;MOLA-AP16841L.B;-1243103.07;563859.15;-1739.22;262
541;MOLA-AP16841L.B;-1243008.34;564142.89;-1603.12;261
542;MOLA-AP16841L.B;-1242915.34;564421.47;-1434.02;260
543;MOLA-AP16841L.B;-1242820.62;564705.21;-1369.4;259
544;MOLA-AP16841L.B;-1242725.9;564988.95;-1487.75;258
545;MOLA-AP16841L.B;-1242631.18;565272.69;-1641.54;257
546;MOLA-AP16841L.B;-1242536.51;565556.25;-1790.62;256
547;MOLA-AP16841L.B;-1242443.57;565834.66;-1936.71;255
548;MOLA-AP16841L.B;-1242348.85;566118.4;-2076.38;254
549;MOLA-AP16841L.B;-1242254.13;566402.14;-2200.3;253
550;MOLA-AP16841L.B;-1242159.47;566685.7;-2310.86;252
551;MOLA-AP16841L.B;-1242066.52;566964.1;-2362.94;251
552;MOLA-AP16841L.B;-1241971.8;567247.84;-2373.04;250
553;MOLA-AP16841L.B;-1241877.02;567531.76;-2377.77;249
554;MOLA-AP16841L.B;-1241782.3;567815.5;-2380.57;248
555;MOLA-AP16841L.B;-1241689.36;568093.91;-2381.94;247
556;MOLA-AP16841L.B;-1241594.63;568377.65;-2381.93;246
557;MOLA-AP16841L.B;-1241499.91;568661.39;-2381.7;245
558;MOLA-AP16841L.B;-1241405.19;568945.13;-2382.7;244
559;MOLA-AP16841L.B;-1241312.25;569223.53;-2383.47;243
560;MOLA-AP16841L.B;-1241217.53;569507.27;-2384.88;242
561;MOLA-AP16841L.B;-1241122.8;569791.01;-2386.61;241
562;MOLA-AP16841L.B;-1241028.08;570074.75;-2387.61;240
563;MOLA-AP16841L.B;-1240935.14;570353.16;-2389.4;239
564;MOLA-AP16841L.B;-1240840.42;570636.9;-2388.11;238
565;MOLA-AP16841L.B;-1240745.7;570920.64;-2397.66;237
566;MOLA-AP16841L.B;-1240651.03;571204.2;-2780.79;236
567;MOLA-AP16841L.B;-1240558.09;571482.6;-2740.98;235
568;MOLA-AP16841L.B;-1240463.37;571766.34;-2409.2;234
569;MOLA-AP16841L.B;-1240368.65;572050.08;-2405.21;233
570;MOLA-AP16841L.B;-1240273.93;572333.82;-2405.46;232
571;MOLA-AP16841L.B;-1240180.98;572612.23;-2405.69;231
572;MOLA-AP16841L.B;-1240086.26;572895.97;-2406.37;230
573;MOLA-AP16841L.B;-1239991.54;573179.71;-2406.93;229
574;MOLA-AP16841L.B;-1239896.82;573463.45;-2408.02;228
575;MOLA-AP16841L.B;-1239803.88;573741.85;-2406.45;227
576;MOLA-AP16841L.B;-1239709.15;574025.59;-2408.16;226
577;MOLA-AP16841L.B;-1239614.43;574309.33;-2408.11;225
578;MOLA-AP16841L.B;-1239519.77;574592.89;-2407.94;224
579;MOLA-AP16841L.B;-1239426.83;574871.3;-2408.27;223
580;MOLA-AP16841L.B;-1239332.11;575155.04;-2406.29;222
581;MOLA-AP16841L.B;-1239237.38;575438.78;-2407.19;221
582;MOLA-AP16841L.B;-1239142.66;575722.52;-2407.53;220
583;MOLA-AP16841L.B;-1239049.72;576000.93;-2409.27;219
584;MOLA-AP16841L.B;-1238955;576284.66;-2409.15;218
585;MOLA-AP16841L.B;-1238860.28;576568.4;-2408.68;217
586;MOLA-AP16841L.B;-1238765.55;576852.14;-2408.93;216
587;MOLA-AP16841L.B;-1238672.67;577130.37;-2409.19;215
588;MOLA-AP16841L.B;-1238577.95;577414.11;-2409.06;214
589;MOLA-AP16841L.B;-1238483.23;577697.85;-2407.03;213
590;MOLA-AP16841L.B;-1238388.51;577981.59;-2406.54;212
591;MOLA-AP16841L.B;-1238293.78;578265.33;-2407.61;211
592;MOLA-AP16841L.B;-1238200.84;578543.74;-2408.6;210
593;MOLA-AP16841L.B;-1238106.12;578827.48;-2409.27;209
594;MOLA-AP16841L.B;-1238011.4;579111.22;-2409.44;208
595;MOLA-AP16841L.B;-1237916.68;579394.96;-2409.47;207
596;MOLA-AP16841L.B;-1237822.01;579678.52;-2410.49;206
597;MOLA-AP16841L.B;-1237729.07;579956.92;-2410.67;205
598;MOLA-AP16841L.B;-1237634.35;580240.66;-2411.19;204
599;MOLA-AP16841L.B;-1237539.63;580524.4;-2411.14;203
600;MOLA-AP16841L.B;-1237446.63;580802.99;-2412.13;202
601;MOLA-AP16841L.B;-1237351.9;581086.73;-2413.6;201
602;MOLA-AP14614L.B;-1203585.51;541404.96;-2564.34;200
603;MOLA-AP14614L.B;-1203491.8;541683.15;-2565.87;199
604;MOLA-AP14614L.B;-1203396.36;541966.47;-2565.43;198
605;MOLA-AP14614L.B;-1203300.92;542249.8;-2563.9;197
606;MOLA-AP14614L.B;-1203207.21;542527.99;-2568.63;196
607;MOLA-AP14614L.B;-1203111.77;542811.32;-2572.72;195
608;MOLA-AP14614L.B;-1203016.27;543094.83;-2570.65;194
609;MOLA-AP14614L.B;-1202920.83;543378.16;-2569.85;193
610;MOLA-AP14614L.B;-1202827.12;543656.34;-2572.02;192
611;MOLA-AP14614L.B;-1202731.68;543939.67;-2572.43;191
612;MOLA-AP14614L.B;-1202636.17;544223.18;-2572.31;190
613;MOLA-AP14614L.B;-1202542.53;544501.18;-2566.65;189
614;MOLA-AP14614L.B;-1202447.08;544784.51;-2555.8;188
615;MOLA-AP14614L.B;-1202351.58;545068.02;-2536.86;187
616;MOLA-AP14614L.B;-1202257.93;545346.03;-2536.31;186
617;MOLA-AP14614L.B;-1202162.43;545629.53;-2534.79;185
618;MOLA-AP14614L.B;-1202066.99;545912.86;-2530.98;184
619;MOLA-AP14614L.B;-1201971.55;546196.19;-2529.8;183
620;MOLA-AP14614L.B;-1201877.84;546474.38;-2521.43;182
621;MOLA-AP14614L.B;-1201782.4;546757.71;-2496.42;181
622;MOLA-AP14614L.B;-1201686.9;547041.21;-2490.98;180
623;MOLA-AP14614L.B;-1201593.25;547319.22;-2483.29;179
624;MOLA-AP14614L.B;-1201497.81;547602.55;-2451.19;178
625;MOLA-AP14614L.B;-1201402.36;547885.88;-2421.4;177
626;MOLA-AP14614L.B;-1201306.86;548169.39;-2421.92;176
627;MOLA-AP14614L.B;-1201213.15;548447.57;-2459.26;175
628;MOLA-AP14614L.B;-1201117.71;548730.9;-2474.04;174
629;MOLA-AP14614L.B;-1201022.21;549014.41;-2477.67;173
630;MOLA-AP14614L.B;-1200928.56;549292.41;-2484.91;172
631;MOLA-AP14614L.B;-1200833.06;549575.92;-2490.52;171
632;MOLA-AP14614L.B;-1200737.62;549859.25;-2497.15;170
633;MOLA-AP14614L.B;-1200643.91;550137.44;-2498.61;169
634;MOLA-AP14614L.B;-1200548.47;550420.77;-2504.49;168
635;MOLA-AP14614L.B;-1200452.9;550704.45;-2503.25;167
636;MOLA-AP14614L.B;-1200357.4;550987.96;-2495.37;166
637;MOLA-AP14614L.B;-1200261.9;551271.47;-2485.42;165
638;MOLA-AP14614L.B;-1200168.13;551549.83;-2736.42;164
639;MOLA-AP14614L.B;-1200072.57;551833.52;-2802.79;163
640;MOLA-AP14614L.B;-1199977.19;552116.67;-2502.81;162
641;MOLA-AP14614L.B;-1199881.68;552400.18;-2510.31;161
642;MOLA-AP14614L.B;-1199787.98;552678.36;-2514.6;160
643;MOLA-AP14614L.B;-1199692.47;552961.87;-2519.44;159
644;MOLA-AP14614L.B;-1199596.97;553245.38;-2523.45;158
645;MOLA-AP14614L.B;-1199501.47;553528.89;-2524.33;157
646;MOLA-AP14614L.B;-1199405.97;553812.4;-2517.56;156
647;MOLA-AP14614L.B;-1199312.26;554090.58;-2517.5;155
648;MOLA-AP14614L.B;-1199216.76;554374.09;-2491.3;154
649;MOLA-AP14614L.B;-1199121.25;554657.6;-2502.29;153
650;MOLA-AP14614L.B;-1199025.75;554941.11;-2500.27;152
651;MOLA-AP14614L.B;-1198932.04;555219.29;-2506.2;151
652;MOLA-AP14614L.B;-1198836.54;555502.8;-2514.96;150
653;MOLA-AP14614L.B;-1198741.04;555786.31;-2518.55;149
654;MOLA-AP14614L.B;-1198645.54;556069.82;-2521.12;148
655;MOLA-AP14614L.B;-1198550.04;556353.33;-2523.3;147
656;MOLA-AP14614L.B;-1198456.33;556631.51;-2521.3;146
657;MOLA-AP14614L.B;-1198360.83;556915.02;-2516.92;145
658;MOLA-AP14614L.B;-1198265.32;557198.53;-2491.72;144
659;MOLA-AP14614L.B;-1198169.82;557482.04;-2496.66;143
660;MOLA-AP14614L.B;-1198076.11;557760.22;-2496.86;142
661;MOLA-AP14614L.B;-1197980.61;558043.73;-2481.3;141
662;MOLA-AP14614L.B;-1197885.11;558327.24;-2491.07;140
663;MOLA-AP14614L.B;-1197789.61;558610.75;-2493.68;139
664;MOLA-AP14614L.B;-1197695.9;558888.93;-2496.21;138
665;MOLA-AP14614L.B;-1197600.4;559172.44;-2491.62;137
666;MOLA-AP14614L.B;-1197504.89;559455.95;-2487.76;136
667;MOLA-AP14614L.B;-1197409.39;559739.46;-2482;135
668;MOLA-AP14614L.B;-1197313.89;560022.96;-2463.59;134
669;MOLA-AP14614L.B;-1197220.24;560300.97;-2426.58;133
670;MOLA-AP14614L.B;-1197124.74;560584.48;-2440.13;132
671;MOLA-AP11321L.B;-1292590.43;533359.79;-2419.01;131
672;MOLA-AP11321L.B;-1292539.73;533660.24;-2420.73;130
673;MOLA-AP11321L.B;-1292490.02;533954.83;-2417.26;129
674;MOLA-AP11321L.B;-1292439.34;534255.18;-2419.42;128
675;MOLA-AP11321L.B;-1292388.64;534555.63;-2419.47;127
676;MOLA-AP11321L.B;-1292338.92;534850.21;-2416.68;126
677;MOLA-AP11321L.B;-1292288.19;535150.85;-2416.1;125
678;MOLA-AP11321L.B;-1292237.51;535451.2;-2417.08;124
679;MOLA-AP11321L.B;-1292187.8;535745.79;-2416.01;123
680;MOLA-AP11321L.B;-1292137.11;536046.14;-2415.05;122
681;MOLA-AP11321L.B;-1292086.43;536346.49;-2416.16;121
682;MOLA-AP11321L.B;-1292035.74;536646.84;-2414.43;120
683;MOLA-AP11321L.B;-1291986.03;536941.42;-2410.99;119
684;MOLA-AP11321L.B;-1291935.35;537241.77;-2410.76;118
685;MOLA-AP11321L.B;-1291884.66;537542.12;-2410.39;117
686;MOLA-AP11321L.B;-1291833.98;537842.47;-2410.91;116
687;MOLA-AP11321L.B;-1291784.27;538137.06;-2408.6;115
688;MOLA-AP11321L.B;-1291733.58;538437.41;-2409.59;114
689;MOLA-AP11321L.B;-1291682.9;538737.76;-2410.32;113
690;MOLA-AP11321L.B;-1291632.22;539038.11;-2407.89;112
691;MOLA-AP11321L.B;-1291582.51;539332.7;-2407.44;111
692;MOLA-AP11321L.B;-1291531.81;539633.14;-2405.86;110
693;MOLA-AP11321L.B;-1291481.12;539933.49;-2406.15;109
694;MOLA-AP11321L.B;-1291430.44;540233.84;-2405.34;108
695;MOLA-AP11321L.B;-1291380.73;540528.43;-2405.08;107
696;MOLA-AP11321L.B;-1291330.04;540828.78;-2403.16;106
697;MOLA-AP11321L.B;-1291279.42;541128.74;-2401.57;105
698;MOLA-AP11321L.B;-1291228.76;541428.99;-2399.46;104
699;MOLA-AP11321L.B;-1291178.07;541729.34;-2399.07;103
700;MOLA-AP11321L.B;-1291127.4;542029.59;-2397.78;102
701;MOLA-AP11321L.B;-1291076.72;542329.94;-2399.11;101
702;MOLA-AP11321L.B;-1291027.02;542624.43;-2398.26;100
703;MOLA-AP11321L.B;-1290976.36;542924.69;-2396.72;99
704;MOLA-AP11321L.B;-1290925.67;543225.04;-2529.74;98
705;MOLA-AP11321L.B;-1290875.01;543525.29;-2393.14;97
706;MOLA-AP11321L.B;-1290824.34;543825.54;-2388.08;96
707;MOLA-AP11321L.B;-1290773.65;544125.89;-2414.8;95
708;MOLA-AP11321L.B;-1290723.96;544420.38;-2396.38;94
709;MOLA-AP11321L.B;-1290673.27;544720.73;-2387.01;93
710;MOLA-AP11321L.B;-1290622.61;545020.98;-2384.23;92
711;MOLA-AP11321L.B;-1290571.94;545321.23;-2386.43;91
712;MOLA-AP11321L.B;-1290521.26;545621.58;-2385.94;90
713;MOLA-AP11321L.B;-1290470.59;545921.84;-2384.32;89
714;MOLA-AP11321L.B;-1290420.89;546216.33;-2384.85;88
715;MOLA-AP11321L.B;-1290370.21;546516.68;-2384.9;87
716;MOLA-AP11321L.B;-1290268.92;547116.89;-2384.51;86
717;MOLA-AP11321L.B;-1290167.55;547717.59;-2383.17;85
718;MOLA-AP11321L.B;-1290117.83;548012.27;-2383.43;84
719;MOLA-AP11321L.B;-1290067.14;548312.62;-2384.54;83
720;MOLA-AP11321L.B;-1290016.46;548612.97;-2385.81;82
721;MOLA-AP11321L.B;-1289965.78;548913.32;-2385.61;81
722;MOLA-AP11321L.B;-1289915.09;549213.67;-2387.17;80
723;MOLA-AP11321L.B;-1289865.38;549508.26;-2388.89;79
724;MOLA-AP11321L.B;-1289814.7;549808.61;-2389.42;78
725;MOLA-AP11321L.B;-1289764.01;550108.96;-2389.81;77
726;MOLA-AP11321L.B;-1289713.33;550409.31;-2389.32;76
727;MOLA-AP11321L.B;-1289662.64;550709.66;-2389.06;75
728;MOLA-AP11321L.B;-1289612.93;551004.24;-2390.39;74
729;MOLA-AP11321L.B;-1289562.25;551304.59;-2391.17;73
730;MOLA-AP11321L.B;-1289511.56;551604.94;-2392.91;72
731;MOLA-AP11321L.B;-1289460.88;551905.29;-2392.44;71
732;MOLA-AP11321L.B;-1289410.2;552205.64;-2392.19;70
733;MOLA-AP11321L.B;-1289360.48;552500.23;-2393.15;69
734;MOLA-AP11321L.B;-1289309.8;552800.58;-2395.07;68
735;MOLA-AP11321L.B;-1289259.03;553101.41;-2396.87;67
736;MOLA-AP17110L.B;-1165109.92;485154.98;-2682.31;66
737;MOLA-AP17110L.B;-1164992.7;485423.15;-2679.97;65
738;MOLA-AP17110L.B;-1164875.49;485691.32;-2681.39;64
739;MOLA-AP17110L.B;-1164643.24;486222.68;-2678.71;63
740;MOLA-AP17110L.B;-1164526.03;486490.85;-2677.34;62
741;MOLA-AP17110L.B;-1164408.82;486759.01;-2676.23;61
742;MOLA-AP17110L.B;-1164293.78;487022.21;-2674.89;60
743;MOLA-AP17110L.B;-1164176.66;487290.16;-2676.25;59
744;MOLA-AP17110L.B;-1164059.45;487558.32;-2674.68;58
745;MOLA-AP17110L.B;-1163942.24;487826.49;-2674.92;57
746;MOLA-AP17110L.B;-1163827.2;488089.68;-2674.46;56
747;MOLA-AP17110L.B;-1163709.99;488357.85;-2674.42;55
748;MOLA-AP17110L.B;-1163592.68;488626.24;-2673.91;54
749;MOLA-AP17110L.B;-1163475.46;488894.41;-2674.15;53
750;MOLA-AP17110L.B;-1163360.52;489157.38;-2674.05;52
751;MOLA-AP17110L.B;-1163243.41;489425.33;-2674.48;51
752;MOLA-AP17110L.B;-1163009.07;489961.45;-2674.08;50
753;MOLA-AP17110L.B;-1162894.04;490224.64;-2673.96;49
754;MOLA-AP17110L.B;-1162776.92;490492.59;-2673.59;48
755;MOLA-AP17110L.B;-1162659.8;490760.54;-2673.42;47
756;MOLA-AP17110L.B;-1162542.59;491028.71;-2672.21;46
757;MOLA-AP17110L.B;-1162427.65;491291.69;-2672.15;45
758;MOLA-AP17110L.B;-1162310.53;491559.64;-2671.54;44
759;MOLA-AP17110L.B;-1162193.32;491827.81;-2672.19;43
760;MOLA-AP17110L.B;-1162078.37;492090.78;-2672.04;42
761;MOLA-AP17110L.B;-1161961.26;492358.73;-2673.64;41
762;MOLA-AP17110L.B;-1161844.04;492626.9;-2673.12;40
763;MOLA-AP17110L.B;-1161726.93;492894.85;-2673.02;39
764;MOLA-AP17110L.B;-1161611.98;493157.82;-2673.68;38
765;MOLA-AP17110L.B;-1161494.77;493425.99;-2674.3;37
766;MOLA-AP17110L.B;-1161377.65;493693.94;-2674.09;36
767;MOLA-AP17110L.B;-1161262.81;493956.7;-2676.09;35
768;MOLA-AP17110L.B;-1161145.69;494224.65;-2829.99;34
769;MOLA-AP17110L.B;-1161028.48;494492.82;-2677.22;33
770;MOLA-AP17110L.B;-1160911.36;494760.77;-2678.66;32
771;MOLA-AP17110L.B;-1160796.42;495023.74;-2675.94;31
772;MOLA-AP17110L.B;-1160679.3;495291.69;-2675.75;30
773;MOLA-AP17110L.B;-1160562.09;495559.86;-2675.71;29
774;MOLA-AP17110L.B;-1160447.14;495822.84;-2674.46;28
775;MOLA-AP17110L.B;-1160330.03;496090.79;-2675.14;27
776;MOLA-AP17110L.B;-1160212.91;496358.74;-2675.33;26
777;MOLA-AP17110L.B;-1160095.79;496626.69;-2676.31;25
778;MOLA-AP17110L.B;-1159980.75;496889.88;-2676.96;24
779;MOLA-AP17110L.B;-1159863.64;497157.83;-2676.48;23
780;MOLA-AP17110L.B;-1159746.52;497425.78;-2678.34;22
781;MOLA-AP17110L.B;-1159629.4;497693.73;-2677.43;21
782;MOLA-AP17110L.B;-1159514.46;497956.71;-2676.49;20
783;MOLA-AP17110L.B;-1159397.34;498224.66;-2676.73;19
784;MOLA-AP17110L.B;-1159280.13;498492.83;-2676.99;18
785;MOLA-AP17110L.B;-1159165.19;498755.8;-2676.71;17
786;MOLA-AP17110L.B;-1159048.07;499023.75;-2676.58;16
787;MOLA-AP17110L.B;-1158931.14;499291.27;-2672.15;15
788;MOLA-AP17110L.B;-1158816.1;499554.46;-2674.43;14
789;MOLA-AP17110L.B;-1158698.89;499822.63;-2672.78;13
790;MOLA-AP17110L.B;-1158581.68;500090.8;-2671.89;12
791;MOLA-AP17110L.B;-1158464.47;500358.96;-2669.94;11
792;MOLA-AP17110L.B;-1158349.43;500622.16;-2670.57;10
793;MOLA-AP17110L.B;-1158232.22;500890.32;-2671.17;9
794;MOLA-AP17110L.B;-1158115;501158.49;-2669.68;8
795;MOLA-AP17110L.B;-1157997.79;501426.66;-2672.03;7
796;MOLA-AP17110L.B;-1157880.58;501694.83;-2672.28;6
797;MOLA-AP17110L.B;-1157765.54;501958.02;-2671.06;5
798;MOLA-AP17110L.B;-1157648.33;502226.19;-2671.33;4
799;MOLA-AP17110L.B;-1157531.12;502494.36;-2670.89;3
800;MOLA-AP17110L.B;-1157413.9;502762.53;-2669.29;2
801;MOLA-AP17110L.B;-1157296.69;503030.69;-2671.01;1
